{
  "global": {
    "channels": {
      "left": {
        "freq_candidates_khz": [],
        "beamwidth_candidates_deg": [
          5.0,
          9.0,
          6.0,
          3.0,
          1.0,
          4.0,
          35.0,
          7.0,
          46.0,
          8.0
        ],
        "map_evidence_examples": []
      },
      "right": {
        "freq_candidates_khz": [],
        "beamwidth_candidates_deg": [
          5.0,
          9.0,
          6.0,
          3.0,
          1.0,
          4.0,
          35.0,
          7.0,
          46.0,
          8.0
        ],
        "map_evidence_examples": []
      },
      "down": {
        "freq_candidates_khz": [],
        "beamwidth_candidates_deg": [
          5.0,
          9.0,
          6.0,
          3.0,
          1.0,
          4.0,
          35.0,
          7.0,
          46.0,
          8.0
        ],
        "map_evidence_examples": []
      }
    }
  },
  "by_transducer": {
    "GT54": {
      "channels": {
        "left": {
          "freq_candidates_khz": [],
          "beamwidth_candidates_deg": [
            5.0,
            9.0,
            6.0,
            3.0,
            1.0,
            4.0,
            35.0,
            7.0,
            46.0,
            8.0
          ],
          "map_evidence_examples": []
        },
        "right": {
          "freq_candidates_khz": [],
          "beamwidth_candidates_deg": [
            5.0,
            9.0,
            6.0,
            3.0,
            1.0,
            4.0,
            35.0,
            7.0,
            46.0,
            8.0
          ],
          "map_evidence_examples": []
        },
        "down": {
          "freq_candidates_khz": [],
          "beamwidth_candidates_deg": [
            5.0,
            9.0,
            6.0,
            3.0,
            1.0,
            4.0,
            35.0,
            7.0,
            46.0,
            8.0
          ],
          "map_evidence_examples": []
        }
      },
      "evidence_samples": []
    },
    "GT56": {
      "channels": {
        "left": {
          "freq_candidates_khz": [],
          "beamwidth_candidates_deg": [
            5.0,
            9.0,
            6.0,
            3.0,
            1.0,
            4.0,
            35.0,
            7.0,
            46.0,
            8.0
          ],
          "map_evidence_examples": []
        },
        "right": {
          "freq_candidates_khz": [],
          "beamwidth_candidates_deg": [
            5.0,
            9.0,
            6.0,
            3.0,
            1.0,
            4.0,
            35.0,
            7.0,
            46.0,
            8.0
          ],
          "map_evidence_examples": []
        },
        "down": {
          "freq_candidates_khz": [],
          "beamwidth_candidates_deg": [
            5.0,
            9.0,
            6.0,
            3.0,
            1.0,
            4.0,
            35.0,
            7.0,
            46.0,
            8.0
          ],
          "map_evidence_examples": []
        }
      },
      "evidence_samples": [
        "gT56",
        "gT56",
        "gT56",
        "gT56",
        "gT56",
        "gT56"
      ]
    },
    "GT34": {
      "channels": {
        "left": {
          "freq_candidates_khz": [],
          "beamwidth_candidates_deg": [
            5.0,
            9.0,
            6.0,
            3.0,
            1.0,
            4.0,
            35.0,
            7.0,
            46.0,
            8.0
          ],
          "map_evidence_examples": []
        },
        "right": {
          "freq_candidates_khz": [],
          "beamwidth_candidates_deg": [
            5.0,
            9.0,
            6.0,
            3.0,
            1.0,
            4.0,
            35.0,
            7.0,
            46.0,
            8.0
          ],
          "map_evidence_examples": []
        },
        "down": {
          "freq_candidates_khz": [],
          "beamwidth_candidates_deg": [
            5.0,
            9.0,
            6.0,
            3.0,
            1.0,
            4.0,
            35.0,
            7.0,
            46.0,
            8.0
          ],
          "map_evidence_examples": []
        }
      },
      "evidence_samples": [
        "gT34",
        "gT34",
        "gT34",
        "gT34",
        "gT34",
        "gT34",
        "gT34"
      ]
    },
    "GT36": {
      "channels": {
        "left": {
          "freq_candidates_khz": [],
          "beamwidth_candidates_deg": [
            5.0,
            9.0,
            6.0,
            3.0,
            1.0,
            4.0,
            35.0,
            7.0,
            46.0,
            8.0
          ],
          "map_evidence_examples": []
        },
        "right": {
          "freq_candidates_khz": [],
          "beamwidth_candidates_deg": [
            5.0,
            9.0,
            6.0,
            3.0,
            1.0,
            4.0,
            35.0,
            7.0,
            46.0,
            8.0
          ],
          "map_evidence_examples": []
        },
        "down": {
          "freq_candidates_khz": [],
          "beamwidth_candidates_deg": [
            5.0,
            9.0,
            6.0,
            3.0,
            1.0,
            4.0,
            35.0,
            7.0,
            46.0,
            8.0
          ],
          "map_evidence_examples": []
        }
      },
      "evidence_samples": []
    }
  }
}