source,offset,type
gcd_dump_02bd_1e240939_magic.csv,1930389,gzip
gcd_dump_02bd_1ecc82db_magic.csv,2146141,gzip
gcd_dump_02bd_20b87472_magic.csv,540795,bzip2
gcd_dump_02bd_213307b7_magic.csv,555447,bzip2
gcd_dump_02bd_58889b6_magic.csv,31146861,bzip2
gcd_dump_02bd_58889b6_magic.csv,34312103,bzip2
gcd_dump_02bd_5b6d1_magic.csv,24978121,bzip2
gcd_dump_02bd_5b6d1_magic.csv,28143363,bzip2
gcd_dump_0401_1f2ce297_magic.csv,1960295,bzip2
gcd_dump_0533_227a187_magic.csv,24665889,gzip
gcd_dump_0533_227a187_magic.csv,24881917,gzip
gcd_dump_0533_227a187_magic.csv,26686159,gzip
gcd_dump_0533_227a187_magic.csv,37581656,bzip2
gcd_dump_0533_227a187_magic.csv,37591963,bzip2
gcd_dump_0533_8108004_magic.csv,24665889,gzip
gcd_dump_0533_8108004_magic.csv,24881917,gzip
gcd_dump_0533_8108004_magic.csv,26686159,gzip
gcd_dump_0533_8108004_magic.csv,37581656,bzip2
gcd_dump_0533_8108004_magic.csv,37591963,bzip2
gcd_dump_05a2_10b93e63_magic.csv,1895993,gzip
gcd_dump_05a2_10b93e63_magic.csv,4675430,bzip2
gcd_dump_05a2_10b93e63_magic.csv,5536839,gzip
gcd_dump_05a2_14a71cf2_magic.csv,2365954,bzip2
gcd_dump_05a2_14a71cf2_magic.csv,3294165,bzip2
gcd_dump_05a2_1cc3f84c_magic.csv,1636758,bzip2
gcd_dump_05a2_e473960_magic.csv,3416250,bzip2
gcd_dump_05a4_17783684_magic.csv,777203,cab
gcd_dump_05a4_17783684_magic.csv,13833709,bzip2
gcd_dump_05a4_17783684_magic.csv,18968150,bzip2
gcd_dump_05a4_17783684_magic.csv,29334028,bzip2
gcd_dump_05a4_17783684_magic.csv,34314295,bzip2
gcd_dump_05a4_17783684_magic.csv,43442922,bzip2
gcd_dump_05a4_17783684_magic.csv,59492488,bzip2
gcd_dump_05a4_17783684_magic.csv,85102458,bzip2
